Date,Gini_ETH_Unfiltered,Gini_Total_Unfiltered,Gini_ETH_Filtered,Gini_Total_Filtered,RandomMean_ETH,RandomCIlow_ETH,RandomCIhigh_ETH,RandomMean_Total,RandomCIlow_Total,RandomCIhigh_Total,Ranking_380_ETH,Ranking_380_Total,Ranking_1600_ETH,Ranking_1600_Total,Filtered_Wallets_Number_eth,Balance_Filtered_PCT_eth,Filtered_Row_Hist_eth,Filtered_Wallets_Number_total,Balance_Filtered_PCT_total,Filtered_Row_Hist_total
2020-11-01T00:00:00.000000,0.9380488410072327,0.9425168695360475,0.9244407255680422,0.9322985349786486,0.9302560093807264,0.8920276899898834,0.9737514188653751,0.9372887016887159,0.908614120177732,0.9722182775028808,0.8760820983635931,0.8949037824392478,0.823286779995529,0.8448654074625683,968,0.1846988911295604,"253,54,27,33,27,25,20,15,28,24,20,22,19,15,13,21,21,14,15,18,17,15,10,22,17,8,8,17,17,20,3,3,8,104,15,0,0,0,0,0,0,0,0,0,0,0,0,0,0,0",968,0.15721678922982263,"291,85,40,45,32,28,24,23,18,26,21,15,20,20,14,12,28,23,14,14,14,18,13,9,20,13,9,14,13,17,15,5,5,5,5,0,0,0,0,0,0,0,0,0,0,0,0,0,0,0"
2020-12-01T00:00:00.000000,0.9450946054327978,0.947606820376206,0.9333254883900493,0.9379921985720352,0.9371184952458202,0.8971101346654942,0.9777957684882533,0.9414995122581575,0.9084719940532617,0.9768202578352831,0.8900819169988321,0.9032095667850502,0.8425749400846563,0.8581528718810079,1078,0.18097980881973866,"258,55,36,41,23,25,21,25,18,26,28,13,29,16,10,16,23,19,13,14,11,17,11,23,16,6,21,12,17,9,11,12,10,18,14,15,8,0,4,12,10,68,44,0,0,0,0,0,0,0",1078,0.1608947470360187,"301,83,37,53,35,28,26,23,19,19,23,27,15,25,12,9,19,21,17,12,19,11,18,8,26,13,8,18,16,17,14,8,10,13,15,15,8,6,3,3,10,7,8,0,0,0,0,0,0,0"
2021-01-01T00:00:00.000000,0.9472760880651543,0.948767560078666,0.9356707112796538,0.9389167808533023,0.9389312667552502,0.8975443557306567,0.9792742849862518,0.9421468065456904,0.9070806958960921,0.9781434466429287,0.8936936487631559,0.9048649733892753,0.8470073426310083,0.8603531009317578,1138,0.18459666176163886,"257,55,34,31,26,20,30,26,20,27,25,11,27,13,10,19,16,27,9,10,22,19,7,15,11,13,19,20,14,13,14,19,8,15,10,10,9,7,9,16,19,13,7,9,12,87,28,0,0,0",1138,0.16670560290636968,"295,89,37,52,26,35,24,33,29,21,22,23,16,21,12,13,17,17,24,8,12,14,22,8,16,15,11,14,19,10,14,7,22,9,10,12,8,8,6,3,16,18,16,9,12,4,9,0,0,0"
2021-02-01T00:00:00.000000,0.9482883849526544,0.9485325564749583,0.9384299915936349,0.9393490961853166,0.9411505200218502,0.900936109240531,0.9776529661397629,0.9423222843102165,0.9060193276236496,0.9765472574094987,0.8990943017993407,0.9051564817814364,0.848918412367601,0.8584026640230089,1106,0.16451754778824115,"256,60,32,29,24,22,32,31,21,25,25,14,13,11,20,21,13,25,15,13,17,9,10,15,11,7,24,25,20,6,16,13,10,14,14,9,8,5,9,20,13,13,15,10,16,17,15,14,16,13",1207,0.15677597479097394,"297,79,44,46,28,31,24,39,31,23,28,16,22,13,6,30,20,17,19,17,13,11,8,11,16,10,7,25,20,20,8,11,16,15,11,10,11,10,5,5,16,13,13,14,9,16,17,19,7,10"
2021-03-01T00:00:00.000000,0.9481109348864252,0.9481522719331184,0.9384988188671053,0.9389890389109112,0.941071884723355,0.9011900038787891,0.9782294463383511,0.9419618243535228,0.9051964814420277,0.9771991502474993,0.8987763405169182,0.9040600874469187,0.8464553129032935,0.8556694010679831,1125,0.1608051668774554,"262,48,48,27,24,28,26,21,24,31,23,22,17,6,17,17,17,20,21,17,16,12,13,29,9,10,12,18,15,10,7,23,12,18,12,20,16,7,2,5,19,17,15,9,7,15,13,22,12,14",1242,0.15566742248112764,"313,70,48,50,27,34,26,34,21,36,30,26,21,17,6,19,15,16,20,17,15,15,10,13,30,11,9,10,18,13,11,6,17,14,13,10,22,13,10,0,5,15,16,17,12,8,10,16,21,16"
2021-04-01T00:00:00.000000,0.9474955395862137,0.9475253931296306,0.9378237519881139,0.9382677432428765,0.9401949994219034,0.8998643144506935,0.9781366737752145,0.9408409854164201,0.9036780598511168,0.977282072005143,0.8980008669056403,0.9025179120792488,0.8457422436037829,0.8539063026957434,1163,0.1600505596444493,"255,70,37,43,29,27,28,23,24,24,18,29,17,5,23,18,17,19,12,17,17,6,18,18,15,11,23,15,12,9,10,15,18,18,19,13,17,9,6,5,17,13,22,18,13,8,15,14,12,22",1283,0.155396689954747,"307,82,56,48,42,26,37,26,25,35,24,31,26,18,11,17,19,20,9,13,19,13,5,14,18,15,12,18,17,15,10,6,13,20,15,18,13,16,10,6,5,11,18,18,20,14,12,9,15,16"
2021-05-01T00:00:00.000000,0.9484029107499394,0.9477591768910942,0.9388640220519684,0.9383721310429636,0.9411130318068274,0.9015379761717929,0.9778982181062456,0.9410181503176435,0.903575362758987,0.9768635771914342,0.8993802840752305,0.9016774583674783,0.8471298720980451,0.8527570465316758,1221,0.16056249905979272,"250,70,43,28,40,35,36,15,22,28,26,29,18,9,22,24,17,20,20,25,15,6,20,20,9,13,22,15,17,7,19,12,17,9,19,19,19,15,2,10,15,17,16,18,15,16,10,20,21,11",1336,0.1576351987192496,"301,81,51,38,42,43,30,34,22,36,18,35,27,17,25,28,26,13,18,16,22,8,10,18,14,11,16,22,13,14,9,17,15,11,12,18,19,18,14,3,7,15,15,17,17,13,18,12,15,22"
2021-06-01T00:00:00.000000,0.9497427122640647,0.9491615848892792,0.9401404920669911,0.9397640890021486,0.9424893889846581,0.9032155120031056,0.9791963216272772,0.9425399966497694,0.905881632827924,0.9781154676176995,0.9010866154627297,0.9040027600424183,0.8486099386633896,0.8556753250989895,1271,0.16528183385906012,"260,70,44,36,44,40,33,20,27,27,30,32,12,20,17,22,15,27,14,24,10,17,20,16,5,34,22,19,20,5,17,11,11,17,12,17,17,5,3,15,21,17,18,14,12,11,11,20,24,16",1391,0.16172665326929364,"309,84,57,42,53,47,38,34,25,34,25,32,28,7,28,25,21,9,31,13,20,12,13,19,21,7,31,30,13,16,4,19,9,13,13,14,13,16,11,3,6,16,19,17,15,21,8,14,23,13"
2021-07-01T00:00:00.000000,0.9493537661107827,0.9490346971572694,0.9398815242725573,0.9398812651288313,0.9418347459366143,0.9023339566473821,0.9804851126891689,0.9423289857814605,0.9062349236875278,0.9792050221755451,0.9002583170365581,0.9045745913305518,0.847206530094178,0.8563852648894879,1243,0.16218859837212168,"256,61,50,38,40,36,29,21,26,21,32,37,12,20,24,23,16,24,20,20,9,13,22,13,6,23,19,14,13,3,21,16,16,11,20,16,17,16,3,10,17,16,20,14,14,12,13,18,17,15",1390,0.1578693791955229,"307,82,56,49,51,42,43,33,21,38,28,31,32,10,28,23,19,9,26,21,20,11,11,28,16,9,20,24,15,14,4,11,19,11,10,17,17,14,15,10,4,12,19,16,24,9,17,10,13,21"
2021-08-01T00:00:00.000000,0.9472358797833482,0.9466690538308637,0.9376358191408347,0.9372842743399137,0.9397434570213885,0.8987675492620888,0.977827699456968,0.9398768601177698,0.9018148108051217,0.9765165493681128,0.8967178027303437,0.90014182878701,0.842196768313094,0.85024810571076,1236,0.15853474916515384,"258,58,47,42,39,34,30,31,28,25,25,28,24,8,19,20,24,12,26,15,23,1,19,24,11,5,27,18,13,19,4,21,23,19,15,18,14,14,8,3,5,18,16,23,19,12,17,8,10,16",1395,0.15517438470486375,"313,76,56,52,48,51,35,37,27,27,22,32,31,23,21,21,19,30,16,20,14,18,4,19,17,14,3,32,19,17,20,9,14,24,21,11,19,16,10,12,7,2,8,18,20,18,17,13,8,14"
2021-09-01T00:00:00.000000,0.9449264945148366,0.943860163853562,0.9348248962607044,0.9337540292497875,0.9372449519040115,0.8952285402285372,0.9770914010388146,0.936680922425917,0.8964079182639776,0.975875812572986,0.892872565128402,0.8944396269802033,0.8378978909407488,0.8429985488045995,1306,0.15945593405037778,"256,65,47,45,33,48,32,26,24,23,21,32,26,15,30,24,19,15,21,22,26,17,6,22,20,13,9,18,16,24,14,7,17,22,19,17,20,11,16,12,9,5,17,23,22,15,21,14,12,18",1456,0.15782679954575649,"306,85,60,42,53,56,38,35,20,34,19,35,36,25,9,35,26,24,18,28,21,21,16,4,18,23,17,6,19,21,24,14,9,16,21,18,16,16,20,15,15,11,3,8,20,23,15,15,15,12"
2021-10-01T00:00:00.000000,0.9437940574217822,0.9426725890767256,0.9343930102529776,0.9332016511092838,0.9360776193861856,0.8942004694931927,0.978920293247744,0.9355298015545961,0.8957394552999074,0.9775656953578479,0.8920160661166332,0.8938727514397344,0.836474773098852,0.8421173342786901,1325,0.14786402188204092,"254,62,51,46,33,42,32,28,33,27,28,30,25,9,26,16,18,21,23,18,31,21,3,21,17,23,11,24,13,17,15,9,18,23,20,20,20,24,23,14,8,4,15,14,10,18,23,14,19,11",1515,0.1472206136088121,"305,86,70,51,44,57,37,33,30,41,20,36,34,23,10,25,16,25,24,28,21,33,21,5,19,21,17,9,25,17,16,20,17,7,18,22,21,18,24,16,25,14,7,8,16,14,11,20,20,18"
2021-11-01T00:00:00.000000,0.9428881121535726,0.9416555070587542,0.9336167853920923,0.9321196543905923,0.9347239540960016,0.8919885571158727,0.9785749813224686,0.9339558897243971,0.892808673445956,0.9773185310959003,0.8897165270585199,0.8906427957977341,0.8340892257153962,0.8381640102265424,1400,0.1442083148153752,"263,68,64,35,39,43,28,26,30,37,27,30,26,15,21,22,19,27,29,19,27,21,7,16,25,15,8,28,21,20,18,12,9,22,18,17,20,22,17,18,32,7,6,9,18,19,17,25,21,17",1594,0.14581012822298006,"314,84,75,51,45,50,43,36,25,48,22,29,28,30,9,23,22,27,24,33,24,30,26,12,10,34,21,9,25,22,18,19,17,10,20,25,20,16,23,21,16,21,20,10,6,11,20,20,20,30"
2021-12-01T00:00:00.000000,0.943610849605669,0.9421681673851758,0.9339648630025406,0.9322312526070726,0.9351197096317255,0.8923051968507402,0.9801747851479999,0.9341356214455113,0.8928555851547735,0.9789452267108746,0.8902208445907969,0.8907945555912038,0.8347763537997082,0.8384134189483385,1490,0.1505646043702206,"249,78,62,54,39,37,33,25,37,41,40,28,25,12,17,29,15,20,20,19,23,26,8,26,26,18,17,36,26,22,23,8,25,31,9,14,20,36,26,16,18,7,6,11,21,22,22,30,19,18",1710,0.15194165463590312,"304,91,73,68,52,45,39,37,28,60,34,37,28,22,13,22,26,25,21,27,19,34,26,8,29,28,20,19,37,28,28,23,27,6,28,28,13,14,30,31,22,17,18,7,5,18,22,18,23,32"
2022-01-01T00:00:00.000000,0.942849451144963,0.9411917827019396,0.93285463030782,0.9308881178135158,0.9342960565398089,0.8912967645057187,0.9800373222107641,0.9332273972367272,0.8918848294850107,0.9787623077291137,0.888871209623388,0.8897485004624981,0.8336056234653622,0.8379642181192393,1472,0.1533218227238294,"264,63,61,46,39,36,37,25,26,24,33,37,32,12,19,27,26,19,19,20,23,23,7,21,22,20,9,37,16,23,22,17,5,27,19,24,17,27,27,20,19,15,6,17,26,20,29,34,20,15",1743,0.1544596595451327,"316,89,76,56,56,51,49,30,24,36,28,38,36,28,14,27,33,23,24,21,28,20,24,24,15,27,26,13,12,37,22,21,25,22,8,29,23,25,26,28,38,25,16,13,8,14,27,26,31,35"
2022-02-01T00:00:00.000000,0.9412226307231164,0.9394872575282538,0.9317083099336116,0.929571387158951,0.9326325080838759,0.8890310831420268,0.9802906688749379,0.9317303385874736,0.8904204743458382,0.9785076332630614,0.8865953688209254,0.88858007472265,0.8301569476881081,0.8366517698212361,1475,0.14367782642951576,"257,66,58,46,35,37,33,28,35,23,31,33,27,10,24,19,20,14,20,25,18,27,17,15,28,18,15,24,28,26,19,22,13,9,31,26,20,21,30,26,18,25,12,6,8,29,22,29,27,25",1771,0.1462502512668811,"320,102,77,52,51,52,47,27,35,39,34,36,33,27,25,21,28,21,32,18,28,26,23,28,19,22,23,23,25,13,37,31,22,29,32,8,23,25,32,16,22,32,30,23,20,19,9,6,27,21"
2022-03-01T00:00:00.000000,0.9414306170335249,0.9393116762028424,0.9314490710306373,0.9289533065372528,0.9327071797888646,0.8884484202389662,0.9802658887833613,0.9313842486711671,0.8891341341175459,0.9785261566154718,0.8859091753948298,0.8871437124671491,0.8293504437159875,0.8348782593472956,1453,0.14994842889914237,"254,62,58,60,34,34,43,21,30,25,29,31,22,19,17,22,20,22,20,21,13,20,18,11,27,19,13,14,27,22,24,19,17,12,20,24,20,16,35,23,22,20,13,5,12,27,28,31,29,28",1757,0.1512229389296753,"316,99,82,64,50,47,47,37,29,36,36,35,37,22,27,12,28,29,21,25,23,26,17,21,22,14,30,27,22,8,39,24,24,25,37,10,17,27,34,22,18,28,24,30,21,17,11,6,24,30"
2022-04-01T00:00:00.000000,0.940745669828227,0.9383076820743139,0.9306827027016444,0.9278667309657478,0.9322446435253242,0.888077379228791,0.979799205021122,0.9304704574944725,0.8878717170599264,0.9780158445229223,0.8858504269963741,0.8861537961162045,0.8281089308644476,0.8325511684254672,1444,0.1495326982911014,"263,58,49,46,34,42,39,23,24,38,29,34,31,21,17,17,17,21,15,24,15,23,23,10,23,24,17,7,33,26,20,21,22,9,20,15,19,22,18,27,20,24,17,11,8,22,28,28,18,32",1733,0.15008535762334196,"312,100,78,47,52,50,41,34,22,39,43,38,25,31,27,18,25,24,29,23,23,28,19,30,24,10,37,18,22,16,32,30,26,23,23,21,8,30,26,31,24,26,27,22,25,16,14,6,14,24"
2022-05-01T00:00:00.000000,0.9392606408520039,0.936515443025355,0.9291648464768105,0.9260175197200833,0.9305807031365289,0.8859717285188394,0.979436255385239,0.9286689197127899,0.8859997434517765,0.9772654385901647,0.8838071785781041,0.8845800962594568,0.8256450498166921,0.8310845814448138,1389,0.14674591752772462,"257,58,57,54,30,31,34,26,23,37,20,27,27,18,20,23,17,26,18,25,12,25,28,5,22,23,22,11,26,25,24,19,20,12,11,22,17,10,20,20,21,23,17,12,13,6,20,19,29,27",1718,0.1472369446944534,"319,98,78,60,55,32,40,36,39,31,44,39,31,34,19,12,32,28,24,32,26,27,20,31,19,22,10,30,28,21,11,32,26,24,24,31,16,10,32,28,14,15,19,24,24,25,19,14,9,4"
2022-06-01T00:00:00.000000,0.9389660557364126,0.9359238393156708,0.9279942397170691,0.9246985084875459,0.929802115166056,0.8846623110455474,0.9792414373998427,0.9280679478473446,0.8866013265205351,0.9761625103513414,0.8824702492992327,0.8850008094570032,0.8243403407061836,0.8327496812503699,1371,0.15645159766624217,"250,56,66,49,26,33,32,28,16,32,26,23,23,21,14,30,18,23,17,30,13,30,17,12,7,32,19,10,11,32,30,18,19,15,11,23,21,19,18,19,18,18,22,19,18,2,16,24,13,32",1814,0.154489979487133,"319,114,80,56,58,34,43,48,28,33,39,38,30,32,41,29,14,32,29,26,28,25,32,29,24,19,30,10,25,24,31,14,5,34,25,25,25,19,19,6,27,19,28,22,28,26,18,25,27,22"
2022-07-01T00:00:00.000000,0.9369602835320938,0.9355662487735448,0.9254844286933619,0.9243518159689901,0.9272998778579061,0.8810896688718657,0.9785487466394117,0.928168884463103,0.8880280218228995,0.9738728053066861,0.8783877127736082,0.8870830380388564,0.8202176143532922,0.83638578879327,1304,0.1579763050244495,"249,62,59,33,37,26,24,33,18,36,25,25,24,27,12,26,18,15,20,25,18,13,22,24,14,16,28,16,14,6,29,16,17,18,22,10,20,18,19,18,16,21,16,15,23,13,10,4,16,18",1876,0.15401116044497526,"333,131,68,65,57,54,34,40,43,31,38,47,35,28,27,37,34,25,17,33,31,20,33,19,23,29,19,29,28,16,13,29,32,26,18,9,32,29,23,27,24,28,10,21,19,24,16,18,30,24"
2022-08-01T00:00:00.000000,0.9352245706699605,0.9327511941328948,0.9207427152702425,0.9186610746477419,0.9248950702727265,0.8770665201996628,0.9775460915819376,0.924253112255194,0.8807692186760145,0.9740620521965381,0.8749857669922825,0.8796497820505296,0.8158500318901709,0.8267244154906896,1252,0.1863680907474529,"245,58,57,39,32,25,27,25,20,23,21,27,13,34,17,11,24,19,20,22,17,21,11,23,17,9,23,22,21,14,10,23,18,16,18,7,10,15,20,24,21,17,14,17,11,21,26,10,9,8",1761,0.17838344717324997,"325,117,73,64,45,51,36,36,34,39,24,39,20,40,33,36,29,19,17,26,29,27,27,27,21,23,24,28,21,17,22,22,20,19,13,13,38,22,18,23,15,13,8,29,25,26,26,17,19,26"
2022-09-01T00:00:00.000000,0.9343537391595997,0.9316968408198434,0.9182283019633575,0.9162816457389626,0.924375852341338,0.8761888482339896,0.9778364372025542,0.9234702160142181,0.8797850823199652,0.9736948937169906,0.8748068884963571,0.879044863518345,0.8155969236911069,0.8262676408593321,1256,0.20077528794346605,"243,55,62,41,31,23,36,26,22,19,31,22,18,18,25,8,24,21,19,22,12,18,7,24,21,13,11,24,27,16,5,22,19,15,15,26,10,7,16,30,19,16,10,20,18,17,18,18,13,3",1763,0.18919967075359576,"320,116,68,74,43,52,39,44,36,43,21,33,28,34,30,29,31,28,8,28,28,30,27,30,15,22,15,37,21,23,8,28,26,22,18,8,22,27,22,20,28,18,16,13,22,31,26,17,20,18"
2022-10-01T00:00:00.000000,0.9338664199036084,0.9314173783300046,0.9176968392996012,0.9163693245284013,0.9231128259553483,0.8751268451707208,0.9790881371455906,0.9228217658520358,0.8794966178377185,0.9749229142868856,0.873369266386403,0.8791898713887611,0.8139218055765425,0.8270876709430204,1273,0.2000744415944834,"243,66,62,41,35,27,31,25,21,26,28,19,20,23,17,6,26,15,20,21,20,14,14,19,18,13,10,21,25,17,7,22,16,16,23,21,14,7,22,17,27,17,15,19,22,18,16,13,16,2",1808,0.18517273058544415,"329,130,68,84,48,55,40,36,39,41,20,28,42,39,29,29,28,22,16,28,25,28,21,30,32,18,28,15,28,17,19,10,23,24,24,19,6,30,27,26,20,30,17,17,5,22,23,27,29,17"
2022-11-01T00:00:00.000000,0.9333393877121137,0.9305061588558166,0.9168087928247328,0.9146892919503178,0.9221962419818303,0.8726770810636426,0.9787663054447623,0.9213949257242137,0.8765552508622707,0.9747368158630578,0.8709238718520222,0.8755875365320707,0.8110885504479715,0.8226798382645006,1270,0.2022462727817282,"244,65,59,45,38,20,30,29,22,24,30,21,19,24,19,11,24,17,21,18,15,19,16,23,21,9,5,19,23,18,15,7,28,17,11,28,11,11,8,20,23,19,14,14,19,18,19,12,16,12",1779,0.19046885624027549,"338,121,67,72,59,54,37,33,34,45,28,31,32,38,32,36,37,22,5,23,20,33,22,39,15,21,29,19,23,18,17,12,25,25,16,15,7,30,21,25,22,34,19,18,10,19,24,21,20,16"
2022-12-01T00:00:00.000000,0.9257568601997155,0.9239732719502458,0.9102103452777934,0.908885647714345,0.9155505125712134,0.8656171352829418,0.9754667026705809,0.9155518667137965,0.8696881611874886,0.9710128022149497,0.8631864527541868,0.8691872792316844,0.8019459311912913,0.8151942633992062,1226,0.17660006739498982,"238,64,62,34,46,18,26,27,38,10,23,26,15,22,19,22,9,20,22,24,18,13,10,15,22,12,15,14,7,8,27,23,12,18,6,22,19,11,17,16,12,10,9,20,24,21,12,14,20,14",1708,0.1705364688716285,"330,118,73,66,60,50,44,33,31,43,42,19,29,28,32,32,25,30,22,9,11,35,22,25,24,23,15,21,23,19,27,17,22,14,11,28,24,17,22,13,11,22,22,22,23,17,25,19,5,13"
2023-01-01T00:00:00.000000,0.9242776361388154,0.922270633166451,0.9097389628932429,0.9077806897669933,0.9150326130823869,0.8646607715169413,0.9720103245440014,0.9144383040201655,0.8685105416038373,0.9670700382440246,0.8633011908676229,0.8681686171092662,0.8015821202980542,0.8137259542385187,1216,0.16451724888775393,"225,70,62,33,40,25,26,31,35,13,16,26,24,25,19,20,15,7,32,14,16,15,12,17,19,13,19,16,11,6,24,22,15,12,3,23,13,18,18,19,12,12,8,17,22,23,11,11,17,14",1725,0.16205403487591363,"322,120,78,60,60,48,44,27,44,35,46,24,26,31,26,36,30,27,21,24,3,32,24,35,20,21,22,28,17,17,26,23,21,22,8,24,29,14,20,17,8,27,25,16,20,27,22,10,9,9"
2023-02-01T00:00:00.000000,0.9237992216718278,0.9216407647282914,0.9088827077061632,0.9067324190029131,0.9143216876531289,0.8640229747757668,0.9726009148357762,0.9135547249557634,0.8675701640305399,0.9678664649638136,0.8625311368340183,0.8671607431736172,0.8009060460817758,0.8128317979898718,1239,0.1670908550693842,"224,70,49,37,40,29,26,31,33,12,19,30,20,23,21,27,18,4,29,16,20,21,6,16,19,20,18,15,10,7,21,19,18,11,7,22,13,10,22,16,14,11,8,20,26,22,17,15,18,19",1723,0.164741059693637,"328,115,71,63,56,50,49,36,39,32,38,25,31,29,31,33,36,26,30,24,3,26,30,26,24,29,19,24,14,22,20,24,25,15,7,22,23,24,16,13,9,27,18,19,17,26,23,15,14,7"
2023-03-01T00:00:00.000000,0.922656933089474,0.9206921180513958,0.9076800547739172,0.9058373038566905,0.9131265835031113,0.8629768981179408,0.9723872904226613,0.9126255769031428,0.8665888449163391,0.9673071709118537,0.861758785130406,0.8664349870711088,0.7995353013765885,0.8119823792636427,1216,0.16557776996360926,"229,66,41,46,37,32,25,24,27,20,19,28,21,21,19,27,17,11,27,13,21,22,13,16,16,13,16,14,17,6,25,23,13,9,6,20,14,14,16,22,8,11,9,15,27,21,14,9,18,18",1720,0.16260457761927347,"326,113,70,63,62,47,48,30,36,30,36,30,36,29,28,33,36,28,31,28,6,21,28,24,23,24,30,19,20,18,20,23,19,28,11,17,26,18,18,14,8,21,26,18,18,21,25,15,17,4"
2023-04-01T00:00:00.000000,0.9215038214280431,0.9201348875239828,0.9070644699975792,0.9060413592160403,0.9122123588535747,0.862710935685184,0.9689133802834138,0.9125133393472374,0.8682441633176088,0.9645630454588002,0.8615734226118039,0.8680125309468874,0.8006942770431373,0.81473589950168,1218,0.15874325114926605,"220,74,56,44,42,25,22,23,26,11,29,22,17,24,25,23,13,10,23,12,17,25,13,16,20,11,19,17,16,5,25,20,25,7,9,20,15,11,19,23,10,12,5,18,17,20,10,14,14,24",1741,0.15493484350301662,"326,116,76,68,65,43,48,33,34,33,40,23,38,25,22,32,37,34,26,31,8,18,32,20,19,28,24,17,23,25,19,25,19,21,12,12,28,25,20,14,14,8,29,20,16,19,26,25,15,10"
2023-05-01T00:00:00.000000,0.9217469714972333,0.9200568149775286,0.9067837177358673,0.9055251556420003,0.9119180240890805,0.8619747551907814,0.9726773392533592,0.9120141442851735,0.8669847421762288,0.9675446801531622,0.8614517365057608,0.8678115076170112,0.8005325485788561,0.8149583636220421,1224,0.16378050335010552,"212,71,53,38,42,29,24,26,21,11,24,25,19,29,23,20,12,12,30,15,20,21,13,19,21,8,17,16,16,5,22,23,16,11,3,25,21,7,20,19,14,19,4,16,21,21,15,15,22,18",1756,0.1586931097353845,"326,104,82,70,55,51,45,34,34,33,37,30,33,25,24,31,32,36,27,30,11,22,30,19,20,33,27,24,20,28,19,17,24,19,19,7,27,29,16,18,14,3,27,26,16,14,33,14,22,19"
2023-06-01T00:00:00.000000,0.9202445380630453,0.9182814126876455,0.905995517316355,0.9043200654993846,0.9104937885450142,0.8590249930103894,0.9707005191774264,0.9104964075439318,0.8653954974922663,0.9652752480934281,0.8582554327067158,0.8657647915526796,0.796206290418086,0.812585447115947,1208,0.1547598182231668,"205,78,52,40,44,22,27,18,27,16,32,25,18,23,14,20,10,10,28,16,16,20,11,20,13,13,17,15,12,5,19,23,21,9,10,18,28,8,21,19,14,15,5,17,29,21,13,21,14,16",1743,0.1507260761298424,"320,114,83,62,57,49,45,27,31,30,40,31,36,34,25,33,35,22,32,31,11,12,38,22,18,26,30,18,17,29,16,14,28,21,14,7,30,24,22,27,10,8,22,27,21,15,28,16,16,19"
2023-07-01T00:00:00.000000,0.9184283954757384,0.9166230205839869,0.9064940087437978,0.9045389810161959,0.9088483070717377,0.8580547757941288,0.9678616324543518,0.9090428210569719,0.8642378195900065,0.9630644448019149,0.8574402256175193,0.8650442475537372,0.7950418560675476,0.8120147618414233,1216,0.1308578073927012,"207,72,49,38,41,25,30,25,22,16,22,26,21,26,16,18,12,14,30,18,15,19,12,18,24,9,20,13,15,5,16,23,15,11,6,23,16,13,23,21,14,19,3,16,22,24,13,24,13,23",1758,0.13147835709762956,"322,114,75,63,55,56,43,28,33,32,39,28,34,28,28,31,40,29,30,25,13,10,40,22,27,26,27,23,24,25,17,20,23,19,20,9,18,23,25,23,17,5,22,23,22,12,27,26,19,18"
2023-08-01T00:00:00.000000,0.9179383848571936,0.9161676061850286,0.9058839397296483,0.9040329239006262,0.9082406511010417,0.8571152389213357,0.9678708173527446,0.9085870954326029,0.8640369510580076,0.9629310124431404,0.8562866006379097,0.8644647937475045,0.7939725506267932,0.8112021257395374,1235,0.13131907915682736,"211,59,55,37,46,33,27,24,30,17,27,26,20,22,19,20,19,15,25,16,13,20,16,12,17,11,19,11,14,11,19,18,20,9,7,30,21,13,25,18,13,14,4,18,25,19,18,17,17,18",1782,0.13131455581160711,"320,108,77,64,58,50,53,36,26,35,42,32,31,30,31,29,28,32,33,29,20,10,34,25,25,22,34,18,24,25,17,18,28,13,18,12,19,22,23,26,17,8,19,29,26,17,23,27,19,20"
2023-09-01T00:00:00.000000,0.9169239593342131,0.9152693240983145,0.9049723919720289,0.9031699216583227,0.9071091185183391,0.8546097921339109,0.9666821503697184,0.9076691355028731,0.8622503280520563,0.9607561531820894,0.8537094124305646,0.8626107381454273,0.7916459661249771,0.8093482733645656,1204,0.1289056567293281,"203,58,56,42,43,27,28,23,31,19,24,23,15,22,16,19,16,18,26,18,14,19,15,18,17,10,19,14,10,8,19,18,22,8,2,36,11,14,24,16,11,16,3,20,20,24,17,12,24,16",1747,0.12974349108960795,"317,103,80,67,60,54,40,36,34,36,40,34,30,24,31,28,30,30,29,29,22,6,33,29,24,16,29,26,20,26,23,15,20,23,14,7,19,22,25,24,20,8,13,28,28,17,15,31,14,18"
2023-10-01T00:00:00.000000,0.9167619465870034,0.9154249197734308,0.9051727247285739,0.9032851328925158,0.9068346713748622,0.8546088266769694,0.9668496674991409,0.9074001066342415,0.8622454738562516,0.9644160743559377,0.8539113063051984,0.8628385192331847,0.790950877586398,0.8091866533540422,1163,0.12520623321186938,"197,52,51,46,35,24,27,25,35,10,17,27,18,21,18,20,13,16,24,17,15,15,8,23,15,12,23,12,11,6,20,17,19,10,9,27,16,8,23,14,19,9,7,15,25,21,17,15,20,19",1717,0.13019150679828936,"314,107,64,67,63,48,37,36,34,42,41,32,24,28,29,30,26,32,24,34,20,7,32,26,26,15,28,18,18,28,25,14,28,22,16,11,13,28,20,18,19,10,13,22,29,19,12,32,15,21"
2023-11-01T00:00:00.000000,0.9165955051450592,0.9151323029650367,0.9048365454967815,0.9028681298745671,0.9065339068741417,0.8536202034858205,0.9669182688453427,0.907022700303004,0.8614510801958657,0.9643506669733386,0.852664933654437,0.8619780520987503,0.7895975596402656,0.8080283082178714,1133,0.12646707587565503,"187,59,50,37,35,23,24,23,25,17,24,23,16,22,13,19,10,17,22,22,13,15,15,22,16,18,19,12,8,4,23,15,18,8,9,30,19,10,17,16,15,10,10,15,22,20,15,16,18,17",1695,0.1308471573473026,"309,105,65,64,59,44,40,35,35,35,38,34,31,28,25,26,27,33,22,33,20,6,33,23,30,21,25,20,23,26,23,16,28,20,16,11,11,21,22,21,21,8,9,26,34,21,14,26,11,21"
2023-12-01T00:00:00.000000,0.91589220493837,0.9144840494676287,0.9044407775723737,0.902433708919447,0.9058673250249585,0.8533603525190866,0.9669143775566901,0.9063941307644664,0.861265558492437,0.9640016931340063,0.8523784657012297,0.8616972498511652,0.7894895109705893,0.8077596294989189,1138,0.12272854559226658,"187,56,50,36,39,27,25,20,25,13,25,21,17,23,14,20,10,15,21,22,14,12,17,27,14,13,18,8,10,7,24,17,19,12,6,28,21,16,17,15,10,14,8,16,23,20,18,13,18,17",1701,0.1280822646987759,"312,105,57,66,56,47,43,35,38,38,36,24,29,34,22,30,26,28,27,28,20,8,26,23,27,18,33,25,24,33,21,17,24,20,17,10,14,23,23,21,21,11,6,34,30,20,20,21,19,11"
2024-01-01T00:00:00.000000,0.9166165169029925,0.914773296426842,0.9048880326760338,0.9024870608465487,0.9066875756055732,0.8536907600837241,0.9672808180194435,0.9067953297539127,0.8610044755604598,0.9632494066351395,0.8526186277622183,0.8613676348783228,0.7891019748724437,0.8071510431355087,1114,0.1261205597471348,"181,49,43,42,38,35,30,17,20,15,32,12,17,23,20,22,13,16,20,23,14,15,15,22,8,14,16,8,6,11,17,19,12,13,12,27,15,15,25,14,12,4,16,12,23,16,11,15,22,17",1694,0.1305286902742112,"306,104,58,66,60,51,49,37,45,35,37,22,29,36,25,22,25,29,26,32,19,6,35,20,33,17,28,19,27,24,16,13,31,18,13,11,18,17,19,22,19,15,10,27,26,16,26,24,11,20"
2024-02-01T00:00:00.000000,0.9166137518026276,0.9146034355014989,0.9053810776548354,0.9027342472637656,0.9065224390554059,0.8537890274845972,0.9675412882347101,0.9064772956893321,0.8610250144222238,0.9640221142258499,0.852597629898717,0.8614553536374665,0.7887689182940658,0.8069631116154021,1090,0.1214951567623143,"178,59,42,34,49,23,25,19,20,18,25,13,23,21,18,19,6,26,14,20,16,12,15,17,8,19,15,12,8,13,19,16,16,3,28,21,18,12,19,10,14,4,20,11,20,11,10,17,16,18",1677,0.12654441714882958,"302,115,58,65,61,52,44,30,46,33,38,25,27,35,22,25,29,25,27,26,19,8,36,18,23,18,25,20,29,26,19,14,31,16,18,7,19,19,23,16,20,12,13,26,26,20,22,22,9,18"
2024-03-01T00:00:00.000000,0.9162343366465215,0.9137536311316647,0.9055180768468405,0.9021638003213241,0.9063314661505792,0.8532298351598846,0.9662167539492394,0.9057530659888302,0.8595441386341707,0.9616348891957207,0.8518775034632848,0.860303565787742,0.7873216007904134,0.8051689406573816,1073,0.11619317212352383,"175,59,45,27,50,19,26,23,20,22,24,14,20,25,19,16,4,28,13,26,13,10,18,16,12,20,11,10,6,14,15,20,6,7,23,19,14,20,11,11,12,10,13,15,16,17,15,17,17,10",1679,0.12296247538864644,"304,112,63,64,57,57,45,27,44,34,39,20,34,40,19,27,21,30,17,28,15,9,32,22,34,20,24,18,24,21,19,18,30,14,14,11,21,18,21,25,16,11,14,24,24,19,27,24,7,21"
2024-04-01T00:00:00.000000,0.9170216461742904,0.9146213555996585,0.9056939197546647,0.9026359011441196,0.9070945284556976,0.8540756481916122,0.9668636057917953,0.9066632705181266,0.8606621735381029,0.9614150741363767,0.8530929982033888,0.8614471181240764,0.7896871356043234,0.8072112996883929,1070,0.1228497260634002,"178,45,50,33,46,23,29,21,12,21,21,16,27,19,21,13,13,18,20,17,13,8,17,10,14,19,6,7,14,20,13,13,2,23,18,19,20,15,19,8,9,15,12,14,17,12,27,20,11,12",1672,0.12757995041279044,"302,103,64,67,60,55,43,30,42,36,37,23,30,31,19,34,24,35,22,22,9,19,24,23,18,32,23,17,25,20,17,21,24,12,14,12,21,27,14,20,14,6,26,27,23,20,27,18,20,20"
2024-05-01T00:00:00.000000,0.9169563664153135,0.914443083183945,0.9059904863436508,0.9027296450340163,0.906981946773201,0.8541735919115576,0.9670789764842361,0.90648329609282,0.8606311974610691,0.9614658653846067,0.85315645949289,0.8613877380405373,0.7900341465708132,0.8076181292519591,1084,0.11942621779454296,"179,57,42,37,42,30,23,27,13,25,21,15,31,13,21,7,13,20,25,13,15,10,17,13,22,11,10,6,18,15,15,8,5,21,24,14,22,10,16,6,10,18,16,13,14,13,22,20,13,13",1674,0.1249317777727158,"299,100,72,66,63,54,42,40,40,33,41,22,31,31,22,35,28,28,19,27,5,18,23,24,19,28,34,14,26,24,17,26,21,12,10,17,19,27,15,22,13,7,24,23,23,23,21,13,18,15"
2024-06-01T00:00:00.000000,0.9175362120637145,0.9149350426783973,0.9075227493598605,0.9039624706397018,0.908078644928043,0.8555346672485784,0.9602683604094584,0.9073189259190371,0.8617126443500612,0.959119778667159,0.8545032406019122,0.8624140945390604,0.7904711950570187,0.8086508458435302,1069,0.11106720226448627,"176,57,44,37,40,21,25,20,15,26,25,18,24,14,18,11,15,16,17,19,8,17,19,16,23,12,4,5,14,13,18,5,12,26,19,17,19,9,11,2,16,16,17,15,21,14,21,18,14,10",1656,0.11878961742663588,"298,96,76,64,64,52,41,33,47,36,40,17,33,32,25,29,34,22,21,26,5,18,24,25,15,36,19,18,29,24,22,27,19,13,8,12,18,18,22,17,6,17,23,27,26,22,18,14,21,7"
2024-07-01T00:00:00.000000,0.9170492334619555,0.9144290572700162,0.9072233637699019,0.903612176288938,0.9076142809927381,0.8555266771301684,0.9601857527404346,0.906864075025163,0.8616037392771556,0.9588850202796769,0.8545988385024343,0.862331366380102,0.7905376195065745,0.8097917038692117,1065,0.10868680395038441,"178,59,43,34,39,19,26,24,16,25,23,15,25,16,18,8,15,14,16,16,10,15,14,14,21,18,7,8,12,11,20,9,14,23,15,21,19,14,12,2,18,13,15,15,18,18,21,16,12,11",1654,0.11674965744068247,"297,107,74,64,53,52,38,31,46,33,43,20,34,33,17,32,32,25,22,25,6,17,23,26,21,32,24,15,24,26,18,22,24,15,12,15,14,18,23,20,12,17,22,27,21,25,15,16,17,9"
2024-08-01T00:00:00.000000,0.9166328571975155,0.9136160033154592,0.9067412399095462,0.9025854531813768,0.9070462657459262,0.8537659501819158,0.9600341894892639,0.9058800908111514,0.8590909313279126,0.9576760256582093,0.8524390939431101,0.8598134305342935,0.789251153265349,0.8077483632829914,1046,0.10879119381132604,"174,57,44,36,36,26,29,22,14,23,23,15,18,18,16,9,18,18,16,14,8,11,13,9,21,13,6,5,19,16,25,7,9,24,18,22,20,10,10,2,17,11,20,13,18,16,15,20,10,12",1645,0.11771955000185308,"296,99,76,65,62,47,39,37,42,38,42,23,34,31,17,28,27,26,21,27,7,19,24,28,17,30,23,16,22,19,18,24,24,14,8,13,21,22,27,17,10,17,17,28,24,24,15,14,19,7"
2024-09-01T00:00:00.000000,0.9168130908893453,0.9136948997021919,0.907100027746337,0.9024243919266499,0.9073414186761039,0.8544253260203225,0.9600552191636336,0.9058583453973583,0.8591280054489369,0.9576619744113081,0.8534074059147285,0.8594984830649537,0.7905124510823955,0.8072012526776107,1042,0.10727684275849345,"175,49,54,32,40,26,28,19,12,29,24,14,23,19,11,10,15,19,16,15,11,12,15,9,19,13,11,6,11,9,26,10,10,28,12,17,22,13,11,4,12,15,14,17,16,17,14,20,6,12",1643,0.11993860435441123,"289,105,76,70,58,50,39,35,48,32,34,27,32,35,19,26,28,24,22,22,10,17,27,22,18,34,25,16,26,18,20,18,23,15,10,13,17,19,22,21,9,13,22,25,21,19,24,10,25,13"
2024-10-01T00:00:00.000000,0.9174336919864083,0.9144629989139437,0.9073435750875205,0.9027320792985545,0.9076428242589857,0.8541827721229931,0.9616619518331432,0.9060845540953912,0.859297313643964,0.9616021180380679,0.8529517078669677,0.8594783655484766,0.790576008520758,0.8074360196400283,1051,0.11162821223256332,"175,48,47,38,38,26,35,17,12,28,25,18,22,18,12,7,19,16,16,17,11,13,14,14,17,9,13,7,16,14,24,13,14,25,9,16,16,12,5,2,16,16,14,15,15,20,19,17,10,11",1641,0.1250430904626577,"294,103,68,69,54,50,42,38,49,31,40,27,32,33,23,26,32,20,23,23,5,21,24,28,19,31,24,15,27,20,21,23,20,16,8,16,16,22,21,22,6,20,23,22,15,22,12,16,23,6"
2024-11-01T00:00:00.000000,0.9174790076545041,0.9147190001707903,0.9076047284489916,0.9030643338994142,0.9074932852835591,0.8541327712653465,0.9622939331709764,0.9061073339383952,0.8595425175868413,0.9617804594262878,0.8531181252909901,0.8598502288661083,0.7903831130291739,0.8079313655895664,1045,0.10952645317967577,"174,49,44,40,30,23,32,19,11,29,19,16,21,20,17,6,21,18,18,18,8,14,15,13,18,14,9,10,14,12,21,13,18,24,10,19,16,7,11,3,14,15,17,18,14,20,17,7,12,17",1645,0.12462493556115548,"296,102,67,68,59,48,35,37,41,36,39,28,29,33,21,28,30,25,26,22,7,23,20,28,24,29,23,16,23,20,18,23,21,22,7,21,15,20,24,20,5,18,30,20,17,26,14,12,25,4"
2024-12-01T00:00:00.000000,0.9200415418330419,0.916890834804398,0.9103477495271,0.9052971942673855,0.9103919474645572,0.857444817286952,0.9614859963610232,0.9085125982989865,0.8620011015555178,0.9628566092648927,0.8563193872538579,0.862595580818796,0.7937692551592495,0.8111541667895763,1028,0.11073882011633165,"162,43,49,35,35,26,27,19,18,34,15,26,12,24,17,9,22,22,18,16,10,26,7,18,17,9,3,18,10,17,13,4,28,14,13,18,15,8,3,13,13,15,11,18,17,15,12,16,12,6",1641,0.12678080609285802,"285,101,64,71,56,52,39,39,43,32,40,25,38,28,24,33,28,20,26,20,9,30,27,19,26,33,14,25,22,21,22,26,18,12,15,15,19,22,21,10,8,27,24,20,23,21,20,17,5,6"
2025-01-01T00:00:00.000000,0.9210299140080813,0.9174121705828138,0.9121728905163125,0.9063356273383507,0.9116311327846699,0.8598793825157459,0.9620219101104592,0.9090755901408395,0.8634523287735323,0.9632049208116759,0.8592636446918911,0.864364364707128,0.7971142235655957,0.8137242487583753,1009,0.10345075948255722,"157,46,54,36,27,27,28,15,20,39,12,17,13,25,15,9,21,25,16,13,14,9,10,21,9,6,8,16,15,15,10,21,12,17,23,18,11,4,7,12,16,13,10,16,19,17,12,18,6,9",1631,0.1226296807910066,"282,97,73,68,57,47,42,36,41,36,37,26,35,38,22,28,28,20,30,18,10,27,27,16,31,32,14,19,17,24,25,21,20,8,18,19,20,25,19,5,15,23,19,20,29,19,11,18,3,16"
2025-02-01T00:00:00.000000,0.9221525963731807,0.9185896858964349,0.9130488619476818,0.907238090122787,0.9126711702135889,0.8607325864497233,0.9632483879179937,0.9100824039641511,0.8643076527924135,0.9636212350200235,0.8602034630564739,0.8649002278797833,0.7985752622084592,0.81489595189709,999,0.10731251438077963,"161,40,49,35,29,32,28,19,19,32,11,25,20,20,10,13,23,21,23,8,18,11,13,17,10,8,12,15,21,9,7,20,10,13,20,15,11,2,13,20,13,14,15,17,14,6,15,10,8,4",1639,0.1267516986955129,"287,94,67,67,52,50,43,36,50,41,33,28,36,32,24,31,30,24,29,11,13,22,30,19,37,24,17,24,19,12,26,15,24,5,20,25,25,27,13,3,18,24,19,17,24,10,16,18,5,23"
2025-03-01T00:00:00.000000,0.9225358729707678,0.918953639833201,0.9140965875326195,0.9082223744539901,0.9132513875921157,0.86195031061284,0.9621734275279482,0.9105908083323109,0.8652359161253531,0.9635741129926979,0.8614668634924922,0.8657718268126027,0.7996404732910563,0.8156272935115889,969,0.1008065661070246,"157,38,49,36,26,22,27,20,16,31,17,26,11,19,12,12,18,21,21,10,14,17,12,16,8,11,7,14,20,9,6,20,12,13,22,15,15,3,12,16,13,12,14,19,18,9,13,9,6,5",1613,0.12129514467233186,"282,97,68,65,60,46,41,35,40,38,38,31,32,28,28,29,28,19,29,13,11,24,25,15,35,27,19,20,23,19,25,13,20,14,14,23,19,28,13,3,19,21,22,13,29,16,14,18,4,20"
2025-04-01T00:00:00.000000,0.9218714136526698,0.9184182150768438,0.9136316886187097,0.9078079600874391,0.9123082126314952,0.8611011211875504,0.963826778119741,0.9098592039417229,0.8642204074260074,0.9627118293004041,0.859926641854232,0.8648071294764497,0.7976994536057442,0.8139528986501139,976,0.09791627478765919,"158,41,42,31,24,23,27,21,21,32,17,28,11,19,11,13,17,19,22,16,16,12,12,17,11,9,10,12,16,14,5,22,13,22,15,14,15,3,8,18,12,11,17,19,16,8,15,9,8,4",1622,0.1193977326368824,"277,105,64,65,49,48,45,38,35,33,46,25,40,31,24,33,29,17,26,14,13,22,25,16,36,32,19,20,20,20,27,15,19,11,17,21,21,24,15,3,18,23,23,18,26,17,16,18,7,16"
2025-05-01T00:00:00.000000,0.9216846856639003,0.9183027937637951,0.9133281225563761,0.9074328904294642,0.9122702785804337,0.8611444582509933,0.9642231822927964,0.9097023072954059,0.8644228342600819,0.9630141042594871,0.8603181878862864,0.8649360047547505,0.7977674045570393,0.8140962429570848,960,0.0989096808793539,"153,42,44,34,28,26,24,17,20,30,15,25,16,19,9,14,18,24,21,12,12,13,10,15,6,9,9,15,14,17,9,13,17,18,15,10,16,9,4,16,15,11,9,19,15,14,11,11,10,7",1601,0.12169342920767913,"271,102,68,72,49,49,40,36,39,31,41,27,35,33,18,39,28,21,25,14,11,27,27,24,30,27,17,16,23,18,20,22,17,13,13,18,20,20,24,8,8,21,32,18,17,22,14,15,14,7"
2025-06-01T00:00:00.000000,0.921992041592961,0.9187724385485081,0.9140050584887172,0.9080505011901239,0.9130757745272642,0.8630632842954096,0.9618613828884959,0.9104436284352998,0.8657897812882319,0.9628191510963303,0.8623531455109799,0.8663778739928794,0.7994383108191905,0.815815823997943,965,0.09538470456123134,"154,38,44,30,28,31,24,16,17,30,14,23,22,17,8,16,17,26,17,15,16,15,10,13,9,7,8,13,17,16,8,16,12,15,14,16,16,4,7,16,19,14,12,15,13,16,12,15,10,4",1599,0.12089239972858326,"272,97,70,68,50,47,42,40,40,33,44,22,39,31,18,33,37,16,28,13,11,24,23,25,28,29,24,15,20,19,24,20,17,11,14,14,21,20,22,10,5,21,31,14,19,23,17,15,14,9"
2025-07-01T00:00:00.000000,0.9232342889868046,0.9201660562348817,0.9151466051708146,0.9092105249774216,0.9141173223464154,0.8656693500109356,0.9675699030839697,0.911487014004832,0.8677958319726135,0.9665793589433047,0.8649402974024611,0.8683338966607959,0.8034080134529069,0.8187961500172742,944,0.09781917387439197,"153,38,42,35,33,30,26,16,19,27,12,22,16,17,8,14,17,23,14,11,21,11,15,17,5,7,12,14,18,11,6,18,12,22,20,13,9,1,10,17,13,10,11,15,14,9,20,9,7,4",1594,0.1249356355727683,"275,96,66,70,49,47,45,42,38,34,43,27,33,27,21,28,30,19,26,12,13,28,23,20,26,30,19,22,21,19,27,18,18,10,16,17,24,26,12,5,12,23,25,21,24,15,15,16,6,15"
2025-08-01T00:00:00.000000,0.9256271686400428,0.9219729698179415,0.9184386727276104,0.9115713591026449,0.917241123618619,0.8721673439340012,0.9685709291024038,0.9136990384583169,0.8720287530817247,0.9657339602523205,0.8717765845855923,0.8733826999447221,0.8102275305693498,0.8254352449414959,918,0.09063251901709211,"150,36,40,33,31,27,24,18,18,29,11,25,10,15,7,20,22,15,13,12,14,16,14,14,7,10,12,21,18,7,8,19,16,11,16,11,8,4,17,14,10,8,15,13,16,16,9,10,6,2",1587,0.12190688484681977,"273,96,61,73,49,48,43,35,36,42,39,30,30,28,18,29,25,24,21,7,15,31,23,21,29,24,16,24,26,17,31,15,18,7,19,26,17,26,10,3,19,27,22,14,25,14,16,15,5,25"
2025-09-01T00:00:00.000000,0.9278992760057194,0.9239347492562748,0.9211527396273074,0.9138596035883739,0.9204659238974421,0.877301384138418,0.9658899616762219,0.916297718094444,0.8762633444844746,0.9653273717365676,0.8778128698790433,0.8779667291073721,0.8176493149632698,0.831490565645143,912,0.0881518883804767,"152,41,36,34,31,29,25,14,20,24,15,19,14,14,9,21,21,12,9,15,14,13,14,8,9,16,18,15,8,9,22,8,14,22,9,5,7,14,15,10,14,16,9,10,17,10,11,4,3,13",1583,0.12133511185681922,"277,100,63,70,47,54,33,36,38,40,34,31,31,21,22,34,18,33,16,5,27,29,24,20,32,13,18,23,23,29,14,20,10,18,18,23,23,13,4,17,26,19,18,31,13,18,11,9,20,17"
2025-10-01T00:00:00.000000,0.9284203714272548,0.9243994079146653,0.9221653595658648,0.9145524488348669,0.921499861291492,0.8806183722060085,0.9648653855113197,0.9168745564975576,0.8790872494920853,0.9659038062942799,0.882022596569219,0.880739065245203,0.823697101591798,0.8347820181935561,885,0.082844600835736,"145,27,34,30,30,27,26,14,21,21,17,17,13,13,10,20,20,13,7,16,15,11,16,7,11,15,19,17,9,12,16,11,18,15,8,4,10,16,17,7,12,15,13,7,18,10,7,3,9,16",1565,0.11951325643669616,"261,100,53,67,51,53,34,34,40,38,37,30,32,21,26,28,19,32,16,8,25,23,24,22,33,10,21,26,18,30,18,22,8,17,19,23,26,10,4,21,28,18,15,24,20,18,4,14,21,23"
2025-11-01T00:00:00.000000,0.928463658700954,0.9244194786974476,0.9220285615347052,0.9143813713043534,0.9214495885901233,0.8806099827550706,0.9653620758736237,0.9168787845337656,0.879420474783706,0.9654590121786066,0.8827314673968023,0.8812673865993832,0.821193724213036,0.8342458888115012,889,0.08507414137653974,"152,29,30,27,28,31,24,14,25,21,15,20,11,12,14,28,15,11,11,17,7,13,11,7,7,20,20,18,8,16,15,9,19,15,5,8,15,15,10,9,18,11,9,14,10,10,5,3,11,16",1577,0.12158338818541498,"273,99,53,62,49,52,33,41,33,43,33,30,35,21,23,30,23,30,15,11,33,23,18,21,35,12,25,20,19,26,19,18,8,19,24,22,22,10,11,25,20,16,27,19,13,16,4,24,19,20"
